[{"model": "auth.permission", "pk": 1, "fields": {"name": "Can add log entry", "content_type": 1, "codename": "add_logentry"}}, {"model": "auth.permission", "pk": 2, "fields": {"name": "Can change log entry", "content_type": 1, "codename": "change_logentry"}}, {"model": "auth.permission", "pk": 3, "fields": {"name": "Can delete log entry", "content_type": 1, "codename": "delete_logentry"}}, {"model": "auth.permission", "pk": 4, "fields": {"name": "Can view log entry", "content_type": 1, "codename": "view_logentry"}}, {"model": "auth.permission", "pk": 5, "fields": {"name": "Can add permission", "content_type": 2, "codename": "add_permission"}}, {"model": "auth.permission", "pk": 6, "fields": {"name": "Can change permission", "content_type": 2, "codename": "change_permission"}}, {"model": "auth.permission", "pk": 7, "fields": {"name": "Can delete permission", "content_type": 2, "codename": "delete_permission"}}, {"model": "auth.permission", "pk": 8, "fields": {"name": "Can view permission", "content_type": 2, "codename": "view_permission"}}, {"model": "auth.permission", "pk": 9, "fields": {"name": "Can add group", "content_type": 3, "codename": "add_group"}}, {"model": "auth.permission", "pk": 10, "fields": {"name": "Can change group", "content_type": 3, "codename": "change_group"}}, {"model": "auth.permission", "pk": 11, "fields": {"name": "Can delete group", "content_type": 3, "codename": "delete_group"}}, {"model": "auth.permission", "pk": 12, "fields": {"name": "Can view group", "content_type": 3, "codename": "view_group"}}, {"model": "auth.permission", "pk": 13, "fields": {"name": "Can add content type", "content_type": 4, "codename": "add_contenttype"}}, {"model": "auth.permission", "pk": 14, "fields": {"name": "Can change content type", "content_type": 4, "codename": "change_contenttype"}}, {"model": "auth.permission", "pk": 15, "fields": {"name": "Can delete content type", "content_type": 4, "codename": "delete_contenttype"}}, {"model": "auth.permission", "pk": 16, "fields": {"name": "Can view content type", "content_type": 4, "codename": "view_contenttype"}}, {"model": "auth.permission", "pk": 17, "fields": {"name": "Can add session", "content_type": 5, "codename": "add_session"}}, {"model": "auth.permission", "pk": 18, "fields": {"name": "Can change session", "content_type": 5, "codename": "change_session"}}, {"model": "auth.permission", "pk": 19, "fields": {"name": "Can delete session", "content_type": 5, "codename": "delete_session"}}, {"model": "auth.permission", "pk": 20, "fields": {"name": "Can view session", "content_type": 5, "codename": "view_session"}}, {"model": "auth.permission", "pk": 21, "fields": {"name": "Can add custom user", "content_type": 6, "codename": "add_customuser"}}, {"model": "auth.permission", "pk": 22, "fields": {"name": "Can change custom user", "content_type": 6, "codename": "change_customuser"}}, {"model": "auth.permission", "pk": 23, "fields": {"name": "Can delete custom user", "content_type": 6, "codename": "delete_customuser"}}, {"model": "auth.permission", "pk": 24, "fields": {"name": "Can view custom user", "content_type": 6, "codename": "view_customuser"}}, {"model": "auth.permission", "pk": 25, "fields": {"name": "Can add category", "content_type": 7, "codename": "add_category"}}, {"model": "auth.permission", "pk": 26, "fields": {"name": "Can change category", "content_type": 7, "codename": "change_category"}}, {"model": "auth.permission", "pk": 27, "fields": {"name": "Can delete category", "content_type": 7, "codename": "delete_category"}}, {"model": "auth.permission", "pk": 28, "fields": {"name": "Can view category", "content_type": 7, "codename": "view_category"}}, {"model": "auth.permission", "pk": 29, "fields": {"name": "Can add quote", "content_type": 8, "codename": "add_quote"}}, {"model": "auth.permission", "pk": 30, "fields": {"name": "Can change quote", "content_type": 8, "codename": "change_quote"}}, {"model": "auth.permission", "pk": 31, "fields": {"name": "Can delete quote", "content_type": 8, "codename": "delete_quote"}}, {"model": "auth.permission", "pk": 32, "fields": {"name": "Can view quote", "content_type": 8, "codename": "view_quote"}}, {"model": "auth.permission", "pk": 33, "fields": {"name": "Can add quote category", "content_type": 9, "codename": "add_quotecategory"}}, {"model": "auth.permission", "pk": 34, "fields": {"name": "Can change quote category", "content_type": 9, "codename": "change_quotecategory"}}, {"model": "auth.permission", "pk": 35, "fields": {"name": "Can delete quote category", "content_type": 9, "codename": "delete_quotecategory"}}, {"model": "auth.permission", "pk": 36, "fields": {"name": "Can view quote category", "content_type": 9, "codename": "view_quotecategory"}}, {"model": "auth.permission", "pk": 37, "fields": {"name": "Can add password reset request", "content_type": 10, "codename": "add_passwordresetrequest"}}, {"model": "auth.permission", "pk": 38, "fields": {"name": "Can change password reset request", "content_type": 10, "codename": "change_passwordresetrequest"}}, {"model": "auth.permission", "pk": 39, "fields": {"name": "Can delete password reset request", "content_type": 10, "codename": "delete_passwordresetrequest"}}, {"model": "auth.permission", "pk": 40, "fields": {"name": "Can view password reset request", "content_type": 10, "codename": "view_passwordresetrequest"}}, {"model": "contenttypes.contenttype", "pk": 1, "fields": {"app_label": "admin", "model": "logentry"}}, {"model": "contenttypes.contenttype", "pk": 2, "fields": {"app_label": "auth", "model": "permission"}}, {"model": "contenttypes.contenttype", "pk": 3, "fields": {"app_label": "auth", "model": "group"}}, {"model": "contenttypes.contenttype", "pk": 4, "fields": {"app_label": "contenttypes", "model": "contenttype"}}, {"model": "contenttypes.contenttype", "pk": 5, "fields": {"app_label": "sessions", "model": "session"}}, {"model": "contenttypes.contenttype", "pk": 6, "fields": {"app_label": "app", "model": "customuser"}}, {"model": "contenttypes.contenttype", "pk": 7, "fields": {"app_label": "app", "model": "category"}}, {"model": "contenttypes.contenttype", "pk": 8, "fields": {"app_label": "app", "model": "quote"}}, {"model": "contenttypes.contenttype", "pk": 9, "fields": {"app_label": "app", "model": "quotecategory"}}, {"model": "contenttypes.contenttype", "pk": 10, "fields": {"app_label": "app", "model": "passwordresetrequest"}}, {"model": "app.quote", "pk": 1, "fields": {"quote": "Будьте сами собой, все остальные места уже заняты.", "quote_author": "Оскар Уайльд", "suggester_author": null, "status": 1, "pub_date": "2024-04-17T16:38:27.906Z"}}, {"model": "app.quote", "pk": 2, "fields": {"quote": "Жизнь - это то, что с тобой происходит, пока ты занят делами.", "quote_author": "Джон Леннон", "suggester_author": null, "status": 1, "pub_date": "2024-04-17T16:38:27.917Z"}}, {"model": "app.quote", "pk": 3, "fields": {"quote": "Всегда лучше быть чем-то, чем ничем.", "quote_author": "Уорден Баффет", "suggester_author": null, "status": 1, "pub_date": "2024-04-17T16:38:27.927Z"}}, {"model": "app.quote", "pk": 4, "fields": {"quote": "Счастье - это нечто, что ты приносишь сам с собой.", "quote_author": "Джон Батлер", "suggester_author": null, "status": 1, "pub_date": "2024-04-17T16:38:27.936Z"}}, {"model": "app.quote", "pk": 5, "fields": {"quote": "Сложные задачи чаще всего имеют простые решения.", "quote_author": "Исаак Ньютон", "suggester_author": null, "status": 1, "pub_date": "2024-04-17T16:38:27.944Z"}}, {"model": "app.quote", "pk": 6, "fields": {"quote": "Искусство - это способ сказать что-то, что нельзя сказать словами.", "quote_author": "Джон Берримор", "suggester_author": null, "status": 1, "pub_date": "2024-04-17T16:38:27.953Z"}}, {"model": "app.quote", "pk": 7, "fields": {"quote": "Любовь - это вечное стремление к чему-то, что не существует.", "quote_author": "Эмиль М. Цоля", "suggester_author": null, "status": 1, "pub_date": "2024-04-17T16:38:27.961Z"}}, {"model": "app.quote", "pk": 8, "fields": {"quote": "Будь тем, кем ты являешься. Стремись к тому, чтобы быть тем, кем ты стремишься стать.", "quote_author": "Конфуций", "suggester_author": null, "status": 1, "pub_date": "2024-04-17T16:38:27.970Z"}}, {"model": "app.quote", "pk": 9, "fields": {"quote": "Жизнь - это как велосипед, чтобы сохранить равновесие, нужно двигаться.", "quote_author": "Альберт Эйнштейн", "suggester_author": null, "status": 1, "pub_date": "2024-04-17T16:38:27.977Z"}}, {"model": "app.quote", "pk": 10, "fields": {"quote": "Лучший способ предсказать будущее - создать его.", "quote_author": "Питер Друкер", "suggester_author": null, "status": 1, "pub_date": "2024-04-17T16:38:27.985Z"}}, {"model": "app.quote", "pk": 11, "fields": {"quote": "Играй так, как будто никто не смотрит, люби так, как будто тебя никогда не обижали.", "quote_author": "Саша Айзеншпис", "suggester_author": null, "status": 1, "pub_date": "2024-04-17T16:38:27.993Z"}}, {"model": "app.quote", "pk": 12, "fields": {"quote": "Жизнь состоит не в том, чтобы находить себя, а в том, чтобы создавать себя.", "quote_author": "Джордж Бернард Шоу", "suggester_author": null, "status": 1, "pub_date": "2024-04-17T16:38:28.001Z"}}, {"model": "app.quote", "pk": 13, "fields": {"quote": "Нельзя жить, не рискуя.", "quote_author": "Король Артур", "suggester_author": null, "status": 1, "pub_date": "2024-04-17T16:38:28.007Z"}}, {"model": "app.quote", "pk": 14, "fields": {"quote": "Жизнь коротка, искусство - долгок.", "quote_author": "Хиппократ", "suggester_author": null, "status": 1, "pub_date": "2024-04-17T16:38:28.015Z"}}, {"model": "app.quote", "pk": 15, "fields": {"quote": "Секрет успеха - это начинать сразу, не откладывая.", "quote_author": "Марк Твен", "suggester_author": null, "status": 1, "pub_date": "2024-04-17T16:38:28.022Z"}}, {"model": "app.quote", "pk": 16, "fields": {"quote": "Люби себя первым, а потом остальных.", "quote_author": "Люк Скайуокер", "suggester_author": null, "status": 1, "pub_date": "2024-04-17T16:38:28.030Z"}}, {"model": "app.quote", "pk": 17, "fields": {"quote": "Ты пропускаешь 100% выстрелов, которые не делаешь", "quote_author": "Уэйн Гретцки", "suggester_author": null, "status": 1, "pub_date": "2024-04-17T16:38:28.038Z"}}, {"model": "app.quote", "pk": 18, "fields": {"quote": "Единственный способ сделать отличную работу - любить то, что ты делаешь", "quote_author": "Стив Джобс", "suggester_author": null, "status": 1, "pub_date": "2024-04-17T16:38:28.043Z"}}, {"model": "app.quote", "pk": 19, "fields": {"quote": "В конце концов, мы будем помнить не слова наших врагов, а молчание наших друзей", "quote_author": "Мартин Лютер Кинг-младший", "suggester_author": null, "status": 1, "pub_date": "2024-04-17T16:38:28.049Z"}}, {"model": "app.quote", "pk": 20, "fields": {"quote": "Единственное, чего мы должны бояться, это самого страха.", "quote_author": "Франклин Д. Рузвельт", "suggester_author": null, "status": 1, "pub_date": "2024-04-17T16:38:28.054Z"}}, {"model": "app.quote", "pk": 21, "fields": {"quote": "Лучший способ предсказать будущее - это создать его.", "quote_author": "Питер Друкер", "suggester_author": null, "status": 1, "pub_date": "2024-04-17T16:38:28.059Z"}}, {"model": "app.quote", "pk": 22, "fields": {"quote": "Будьте тем изменением, которое вы хотите видеть в мире.", "quote_author": "Махатма Ганди", "suggester_author": null, "status": 1, "pub_date": "2024-04-17T16:38:28.065Z"}}, {"model": "app.quote", "pk": 23, "fields": {"quote": "Успех - это не ключ к счастью. Счастье - это ключ к успеху.", "quote_author": "Альберт Швейцер", "suggester_author": null, "status": 1, "pub_date": "2024-04-17T16:38:28.070Z"}}, {"model": "app.quote", "pk": 24, "fields": {"quote": "Если хочешь идти быстро, иди один. Если вы хотите пойти далеко, идите вместе.", "quote_author": "Африканская пословица", "suggester_author": null, "status": 1, "pub_date": "2024-04-17T16:38:28.074Z"}}, {"model": "app.quote", "pk": 25, "fields": {"quote": "Единственным ограничением для нашей реализации завтрашнего дня будут наши сомнения сегодняшнего дня.", "quote_author": "Франклин Д. Рузвельт", "suggester_author": null, "status": 1, "pub_date": "2024-04-17T16:38:28.079Z"}}, {"model": "app.quote", "pk": 26, "fields": {"quote": "Стремитесь не быть успешным, а скорее быть ценным.", "quote_author": "Альберт Эйнштейн", "suggester_author": null, "status": 1, "pub_date": "2024-04-17T16:38:28.085Z"}}, {"model": "app.quote", "pk": 27, "fields": {"quote": "Поверьте, что можете, и вы на полпути.", "quote_author": "Теодор Рузвельт", "suggester_author": null, "status": 1, "pub_date": "2024-04-17T16:38:28.090Z"}}, {"model": "app.quote", "pk": 28, "fields": {"quote": "Самая большая слава в жизни заключается не в том, чтобы никогда не падать, а в том, чтобы подниматься каждый раз, когда мы падаем.", "quote_author": "Нельсон Мандела", "suggester_author": null, "status": 1, "pub_date": "2024-04-17T16:38:28.096Z"}}, {"model": "app.quote", "pk": 29, "fields": {"quote": "Качество - это не действие, это привычка", "quote_author": "Аристотель", "suggester_author": null, "status": 1, "pub_date": "2024-04-17T16:38:28.101Z"}}, {"model": "app.quote", "pk": 30, "fields": {"quote": "Будущее принадлежит тем, кто верит в красоту своей мечты.", "quote_author": "Элеонора Рузвельт", "suggester_author": null, "status": 1, "pub_date": "2024-04-17T16:38:28.106Z"}}, {"model": "app.quote", "pk": 31, "fields": {"quote": "Счастье - это не что-то готовое. Это происходит от ваших собственных действий.", "quote_author": "Далай-лама,", "suggester_author": null, "status": 1, "pub_date": "2024-04-17T16:38:28.111Z"}}, {"model": "app.quote", "pk": 32, "fields": {"quote": "Единственное, что необходимо для триумфа зла, это чтобы хорошие люди ничего не делали", "quote_author": "Эдмунд Берк", "suggester_author": null, "status": 1, "pub_date": "2024-04-17T16:38:28.116Z"}}, {"model": "app.quote", "pk": 33, "fields": {"quote": "Самый большой риск - не рисковать... В мире, который быстро меняется, единственная стратегия, которая гарантированно потерпит неудачу, - это не рисковать.", "quote_author": "Марк Цукерберг", "suggester_author": null, "status": 1, "pub_date": "2024-04-17T16:38:28.121Z"}}, {"model": "app.quote", "pk": 34, "fields": {"quote": "Успех – это умение двигаться от неудачи к неудаче, не теряя энтузиазма.", "quote_author": "Уинстон Черчилль", "suggester_author": null, "status": 1, "pub_date": "2024-04-17T16:38:28.126Z"}}, {"model": "app.quote", "pk": 35, "fields": {"quote": "Единственный способ делать великие дела — любить то, что вы делаете.", "quote_author": "Стив Джобс", "suggester_author": null, "status": 1, "pub_date": "2024-04-17T16:38:28.134Z"}}, {"model": "app.quote", "pk": 36, "fields": {"quote": "Никогда не сомневайтесь, что маленькая группа вдумчивых и преданных своему делу людей способна изменить мир. Собственно, только так и можно изменить мир.", "quote_author": "Маргарет Мид", "suggester_author": null, "status": 1, "pub_date": "2024-04-17T16:38:28.141Z"}}, {"model": "app.quote", "pk": 37, "fields": {"quote": "Сделай сегодня то, чего другие не хотят, завтра будешь жить так, как другие не могут.", "quote_author": "Джерри Райс", "suggester_author": null, "status": 1, "pub_date": "2024-04-17T16:38:28.150Z"}}, {"model": "app.quote", "pk": 38, "fields": {"quote": "Самое важное в жизни – это настоящее, здесь и сейчас.", "quote_author": "Лео Толстой", "suggester_author": null, "status": 1, "pub_date": "2024-04-17T16:38:28.159Z"}}, {"model": "app.quote", "pk": 39, "fields": {"quote": "Чтобы достичь успеха, начните там, где вы находитесь, используйте то, что у вас есть, и делайте то, что вы можете.", "quote_author": "Артур Аш", "suggester_author": null, "status": 1, "pub_date": "2024-04-17T16:38:28.167Z"}}, {"model": "app.quote", "pk": 40, "fields": {"quote": "За тридцать лет я много раз пробовал что-то сделать, и в результате мне удалось.", "quote_author": "Вольфганг Амадей Моцарт", "suggester_author": null, "status": 1, "pub_date": "2024-04-17T16:38:28.176Z"}}, {"model": "app.quote", "pk": 41, "fields": {"quote": "Не обращайте внимания на мнение других. Всегда только принимайте своё.", "quote_author": "Мадонна", "suggester_author": null, "status": 1, "pub_date": "2024-04-17T16:38:28.184Z"}}, {"model": "app.quote", "pk": 42, "fields": {"quote": "Жизнь слишком коротка, чтобы проснуться с утра с сожалением, что сегодня – будний день.", "quote_author": "Джим Моррисон", "suggester_author": null, "status": 1, "pub_date": "2024-04-17T16:38:28.193Z"}}, {"model": "app.quote", "pk": 43, "fields": {"quote": "Весь прогресс происходит за пределами зоны комфорта.", "quote_author": "Майкл Джон Бобак", "suggester_author": null, "status": 1, "pub_date": "2024-04-17T16:38:28.200Z"}}, {"model": "app.quote", "pk": 44, "fields": {"quote": "Наш глубочайший страх заключается не в том, что мы неполноценны, а в том, что мы боимся показаться слишком сильными. Именно наш свет, а не тьма пугают нас больше всего.", "quote_author": "Марианне Уильямсон", "suggester_author": null, "status": 1, "pub_date": "2024-04-17T16:38:28.207Z"}}, {"model": "app.quote", "pk": 45, "fields": {"quote": "Откладывайте на завтра лишь то, что вы не хотите завершить до самой смерти. Действие — основной ключ к успеху.", "quote_author": "Пабло Пикассо", "suggester_author": null, "status": 1, "pub_date": "2024-04-17T16:38:28.216Z"}}, {"model": "app.quote", "pk": 46, "fields": {"quote": "Главное в жизни – это принять себя таким, какой ты есть, и принять других такими, какие они есть.", "quote_author": "Луис Хей", "suggester_author": null, "status": 1, "pub_date": "2024-04-17T16:38:28.224Z"}}, {"model": "app.quote", "pk": 47, "fields": {"quote": "Ваше время ограничено, не тратьте его, живя чужой жизнью.", "quote_author": "Стив Джобс", "suggester_author": null, "status": 1, "pub_date": "2024-04-17T16:38:28.231Z"}}, {"model": "app.quote", "pk": 48, "fields": {"quote": "Прекрасные мечты – это начало великих дел.", "quote_author": "Лао Цзы", "suggester_author": null, "status": 1, "pub_date": "2024-04-17T16:38:28.238Z"}}, {"model": "app.quote", "pk": 49, "fields": {"quote": "Счастье – это не то, что вы получаете, а то, что вы отдаете.", "quote_author": "Маргарет Ли Хантер", "suggester_author": null, "status": 1, "pub_date": "2024-04-17T16:38:28.246Z"}}, {"model": "app.category", "pk": 1, "fields": {"category": "личность"}}, {"model": "app.category", "pk": 2, "fields": {"category": "самосознание"}}, {"model": "app.category", "pk": 3, "fields": {"category": "жизнь"}}, {"model": "app.category", "pk": 4, "fields": {"category": "занятость"}}, {"model": "app.category", "pk": 5, "fields": {"category": "успех"}}, {"model": "app.category", "pk": 6, "fields": {"category": "саморазвитие"}}, {"model": "app.category", "pk": 7, "fields": {"category": "счастье"}}, {"model": "app.category", "pk": 8, "fields": {"category": "задачи"}}, {"model": "app.category", "pk": 9, "fields": {"category": "решения"}}, {"model": "app.category", "pk": 10, "fields": {"category": "искусство"}}, {"model": "app.category", "pk": 11, "fields": {"category": "выражение"}}, {"model": "app.category", "pk": 12, "fields": {"category": "любовь"}}, {"model": "app.category", "pk": 13, "fields": {"category": "идеализация"}}, {"model": "app.category", "pk": 14, "fields": {"category": "цель"}}, {"model": "app.category", "pk": 15, "fields": {"category": "равновесие"}}, {"model": "app.category", "pk": 16, "fields": {"category": "будущее"}}, {"model": "app.category", "pk": 17, "fields": {"category": "создание"}}, {"model": "app.category", "pk": 18, "fields": {"category": "игра"}}, {"model": "app.category", "pk": 19, "fields": {"category": "риск"}}, {"model": "app.category", "pk": 20, "fields": {"category": "начинать"}}, {"model": "app.category", "pk": 21, "fields": {"category": "самоуважение"}}, {"model": "app.category", "pk": 22, "fields": {"category": "спорт"}}, {"model": "app.category", "pk": 23, "fields": {"category": "бизнес"}}, {"model": "app.category", "pk": 24, "fields": {"category": "лидерство"}}, {"model": "app.category", "pk": 25, "fields": {"category": "мотивация"}}, {"model": "app.category", "pk": 26, "fields": {"category": "инновации"}}, {"model": "app.category", "pk": 27, "fields": {"category": "вдохновляющий"}}, {"model": "app.category", "pk": 28, "fields": {"category": "командная работа"}}, {"model": "app.category", "pk": 29, "fields": {"category": "оптимизм"}}, {"model": "app.category", "pk": 30, "fields": {"category": "самосовершенствования"}}, {"model": "app.category", "pk": 31, "fields": {"category": "уверенность в себе"}}, {"model": "app.category", "pk": 32, "fields": {"category": "устойчивость"}}, {"model": "app.category", "pk": 33, "fields": {"category": "превосходство"}}, {"model": "app.category", "pk": 34, "fields": {"category": "мечты"}}, {"model": "app.category", "pk": 35, "fields": {"category": "этика"}}, {"model": "app.category", "pk": 36, "fields": {"category": "рисковать"}}, {"model": "app.category", "pk": 37, "fields": {"category": "энтузиазм"}}, {"model": "app.category", "pk": 38, "fields": {"category": "дело"}}, {"model": "app.category", "pk": 39, "fields": {"category": "изменение"}}, {"model": "app.category", "pk": 40, "fields": {"category": "мир"}}, {"model": "app.category", "pk": 41, "fields": {"category": "усилие"}}, {"model": "app.category", "pk": 42, "fields": {"category": "результат"}}, {"model": "app.category", "pk": 43, "fields": {"category": "настоящее"}}, {"model": "app.category", "pk": 44, "fields": {"category": "начало"}}, {"model": "app.category", "pk": 45, "fields": {"category": "возможности"}}, {"model": "app.category", "pk": 46, "fields": {"category": "усердие"}}, {"model": "app.category", "pk": 47, "fields": {"category": "уверенность"}}, {"model": "app.category", "pk": 48, "fields": {"category": "мнение"}}, {"model": "app.category", "pk": 49, "fields": {"category": "сожаление"}}, {"model": "app.category", "pk": 50, "fields": {"category": "комфорт"}}, {"model": "app.category", "pk": 51, "fields": {"category": "страх"}}, {"model": "app.category", "pk": 52, "fields": {"category": "мощь"}}, {"model": "app.category", "pk": 53, "fields": {"category": "действие"}}, {"model": "app.category", "pk": 54, "fields": {"category": "принятие"}}, {"model": "app.category", "pk": 55, "fields": {"category": "время"}}, {"model": "app.category", "pk": 56, "fields": {"category": "дела"}}, {"model": "app.category", "pk": 57, "fields": {"category": "доброта"}}, {"model": "app.quotecategory", "pk": 1, "fields": {"quote": 1, "category": 1}}, {"model": "app.quotecategory", "pk": 2, "fields": {"quote": 1, "category": 2}}, {"model": "app.quotecategory", "pk": 3, "fields": {"quote": 2, "category": 3}}, {"model": "app.quotecategory", "pk": 4, "fields": {"quote": 2, "category": 4}}, {"model": "app.quotecategory", "pk": 5, "fields": {"quote": 3, "category": 5}}, {"model": "app.quotecategory", "pk": 6, "fields": {"quote": 3, "category": 6}}, {"model": "app.quotecategory", "pk": 7, "fields": {"quote": 4, "category": 7}}, {"model": "app.quotecategory", "pk": 8, "fields": {"quote": 4, "category": 2}}, {"model": "app.quotecategory", "pk": 9, "fields": {"quote": 5, "category": 8}}, {"model": "app.quotecategory", "pk": 10, "fields": {"quote": 5, "category": 9}}, {"model": "app.quotecategory", "pk": 11, "fields": {"quote": 6, "category": 10}}, {"model": "app.quotecategory", "pk": 12, "fields": {"quote": 6, "category": 11}}, {"model": "app.quotecategory", "pk": 13, "fields": {"quote": 7, "category": 12}}, {"model": "app.quotecategory", "pk": 14, "fields": {"quote": 7, "category": 13}}, {"model": "app.quotecategory", "pk": 15, "fields": {"quote": 8, "category": 6}}, {"model": "app.quotecategory", "pk": 16, "fields": {"quote": 8, "category": 14}}, {"model": "app.quotecategory", "pk": 17, "fields": {"quote": 9, "category": 3}}, {"model": "app.quotecategory", "pk": 18, "fields": {"quote": 9, "category": 15}}, {"model": "app.quotecategory", "pk": 19, "fields": {"quote": 10, "category": 16}}, {"model": "app.quotecategory", "pk": 20, "fields": {"quote": 10, "category": 17}}, {"model": "app.quotecategory", "pk": 21, "fields": {"quote": 11, "category": 18}}, {"model": "app.quotecategory", "pk": 22, "fields": {"quote": 11, "category": 12}}, {"model": "app.quotecategory", "pk": 23, "fields": {"quote": 12, "category": 3}}, {"model": "app.quotecategory", "pk": 24, "fields": {"quote": 12, "category": 17}}, {"model": "app.quotecategory", "pk": 25, "fields": {"quote": 13, "category": 19}}, {"model": "app.quotecategory", "pk": 26, "fields": {"quote": 13, "category": 3}}, {"model": "app.quotecategory", "pk": 27, "fields": {"quote": 14, "category": 3}}, {"model": "app.quotecategory", "pk": 28, "fields": {"quote": 14, "category": 10}}, {"model": "app.quotecategory", "pk": 29, "fields": {"quote": 15, "category": 5}}, {"model": "app.quotecategory", "pk": 30, "fields": {"quote": 15, "category": 20}}, {"model": "app.quotecategory", "pk": 31, "fields": {"quote": 16, "category": 12}}, {"model": "app.quotecategory", "pk": 32, "fields": {"quote": 16, "category": 21}}, {"model": "app.quotecategory", "pk": 33, "fields": {"quote": 17, "category": 22}}, {"model": "app.quotecategory", "pk": 34, "fields": {"quote": 18, "category": 23}}, {"model": "app.quotecategory", "pk": 35, "fields": {"quote": 19, "category": 24}}, {"model": "app.quotecategory", "pk": 36, "fields": {"quote": 20, "category": 25}}, {"model": "app.quotecategory", "pk": 37, "fields": {"quote": 21, "category": 26}}, {"model": "app.quotecategory", "pk": 38, "fields": {"quote": 22, "category": 27}}, {"model": "app.quotecategory", "pk": 39, "fields": {"quote": 23, "category": 5}}, {"model": "app.quotecategory", "pk": 40, "fields": {"quote": 24, "category": 28}}, {"model": "app.quotecategory", "pk": 41, "fields": {"quote": 25, "category": 29}}, {"model": "app.quotecategory", "pk": 42, "fields": {"quote": 26, "category": 30}}, {"model": "app.quotecategory", "pk": 43, "fields": {"quote": 27, "category": 31}}, {"model": "app.quotecategory", "pk": 44, "fields": {"quote": 28, "category": 32}}, {"model": "app.quotecategory", "pk": 45, "fields": {"quote": 29, "category": 33}}, {"model": "app.quotecategory", "pk": 46, "fields": {"quote": 30, "category": 34}}, {"model": "app.quotecategory", "pk": 47, "fields": {"quote": 31, "category": 7}}, {"model": "app.quotecategory", "pk": 48, "fields": {"quote": 32, "category": 35}}, {"model": "app.quotecategory", "pk": 49, "fields": {"quote": 33, "category": 36}}, {"model": "app.quotecategory", "pk": 50, "fields": {"quote": 34, "category": 5}}, {"model": "app.quotecategory", "pk": 51, "fields": {"quote": 34, "category": 37}}, {"model": "app.quotecategory", "pk": 52, "fields": {"quote": 35, "category": 38}}, {"model": "app.quotecategory", "pk": 53, "fields": {"quote": 35, "category": 12}}, {"model": "app.quotecategory", "pk": 54, "fields": {"quote": 36, "category": 39}}, {"model": "app.quotecategory", "pk": 55, "fields": {"quote": 36, "category": 40}}, {"model": "app.quotecategory", "pk": 56, "fields": {"quote": 37, "category": 41}}, {"model": "app.quotecategory", "pk": 57, "fields": {"quote": 37, "category": 42}}, {"model": "app.quotecategory", "pk": 58, "fields": {"quote": 38, "category": 3}}, {"model": "app.quotecategory", "pk": 59, "fields": {"quote": 38, "category": 43}}, {"model": "app.quotecategory", "pk": 60, "fields": {"quote": 39, "category": 44}}, {"model": "app.quotecategory", "pk": 61, "fields": {"quote": 39, "category": 45}}, {"model": "app.quotecategory", "pk": 62, "fields": {"quote": 40, "category": 46}}, {"model": "app.quotecategory", "pk": 63, "fields": {"quote": 40, "category": 14}}, {"model": "app.quotecategory", "pk": 64, "fields": {"quote": 41, "category": 47}}, {"model": "app.quotecategory", "pk": 65, "fields": {"quote": 41, "category": 48}}, {"model": "app.quotecategory", "pk": 66, "fields": {"quote": 42, "category": 3}}, {"model": "app.quotecategory", "pk": 67, "fields": {"quote": 42, "category": 49}}, {"model": "app.quotecategory", "pk": 68, "fields": {"quote": 43, "category": 45}}, {"model": "app.quotecategory", "pk": 69, "fields": {"quote": 43, "category": 50}}, {"model": "app.quotecategory", "pk": 70, "fields": {"quote": 44, "category": 51}}, {"model": "app.quotecategory", "pk": 71, "fields": {"quote": 44, "category": 52}}, {"model": "app.quotecategory", "pk": 72, "fields": {"quote": 45, "category": 53}}, {"model": "app.quotecategory", "pk": 73, "fields": {"quote": 45, "category": 5}}, {"model": "app.quotecategory", "pk": 74, "fields": {"quote": 46, "category": 54}}, {"model": "app.quotecategory", "pk": 75, "fields": {"quote": 46, "category": 3}}, {"model": "app.quotecategory", "pk": 76, "fields": {"quote": 47, "category": 55}}, {"model": "app.quotecategory", "pk": 77, "fields": {"quote": 47, "category": 3}}, {"model": "app.quotecategory", "pk": 78, "fields": {"quote": 48, "category": 34}}, {"model": "app.quotecategory", "pk": 79, "fields": {"quote": 48, "category": 56}}, {"model": "app.quotecategory", "pk": 80, "fields": {"quote": 49, "category": 7}}, {"model": "app.quotecategory", "pk": 81, "fields": {"quote": 49, "category": 57}}]